<?xml version="1.0" encoding="UTF-8"?>
<beans xmlns="http://www.springframework.org/schema/beans"
       xmlns:xsi="http://www.w3.org/2001/XMLSchema-instance"
       xmlns:context="http://www.springframework.org/schema/context"
       xmlns:aop="http://www.springframework.org/schema/aop"
       xmlns:tx="http://www.springframework.org/schema/tx"
       xsi:schemaLocation="http://www.springframework.org/schema/beans
	http://www.springframework.org/schema/beans/spring-beans.xsd
	http://www.springframework.org/schema/context
	http://www.springframework.org/schema/context/spring-context.xsd
	http://www.springframework.org/schema/aop
	http://www.springframework.org/schema/aop/spring-aop.xsd
	http://www.springframework.org/schema/tx
	http://www.springframework.org/schema/tx/spring-tx.xsd">

    <!--开启注解的扫描，希望处理service和dao，controller不需要Spring框架去处理-->
    <context:component-scan base-package="com.guojx" >
        <!--配置哪些注解不扫描-->
        <context:exclude-filter type="annotation" expression="org.springframework.stereotype.Controller" />
    </context:component-scan>

    <beans>
        <bean id = "accountService" class="com.guojx.service.impl.ServiceImpl"></bean>


<!--    spring去整合mybatis框架-->
        <!--    配置连接池-->
        <bean id="dataSource" class="org.apache.commons.dbcp.BasicDataSource">
            <property name="driverClassName" value = "com.mysql.cj.jdbc.Driver"></property>
            <property name="url" value="jdbc:mysql://localhost:3306/ssm?useUnicode=true&amp;characterEncoding=utf8&amp;serverTimezone=UTC"></property>
            <property name="username" value="root"></property>
            <property name="password" value="Uu123456"></property>
        </bean>
        <!--    配置工厂对象sqlsessionfactory工厂-->
        <bean id="sqlSessionFactory" class="org.mybatis.spring.SqlSessionFactoryBean">
            <property name="dataSource" ref="dataSource"></property>
        </bean>
<!--    配置接口所在的包-->
        <bean id="mapperScanner" class="org.mybatis.spring.mapper.MapperScannerConfigurer">
            <property name="basePackage" value="com.guojx.dao"></property>
        </bean>

<!--        配置spring框架声明式事务管理-->
<!--        配置事务管理器-->
        <bean id="transactionManager" class="org.springframework.jdbc.datasource.DataSourceTransactionManager">
            <property name="dataSource" ref="dataSource"></property>
        </bean>
<!--        配置事务通知-->
        <tx:advice id="txAdvice" transaction-manager="transactionManager">
            <tx:attributes>
                <tx:method name="find*" read-only="true"/>
            </tx:attributes>
        </tx:advice>
<!--        配置AOP增强-->
    <aop:config>
        <aop:advisor advice-ref="txAdvice" pointcut="execution(* com.guojx.service.impl.*ServiceImpl.*ServiceImpl.*(..))"/>
    </aop:config>




    </beans>



</beans>